{
    "Account Information": {
      "Account Reporting": [
        "Reports",
        "Default Report Settings",
        "Account Groups",
        "Transaction Search",
        "Transaction Groups"
      ],
      "Cash Flow": [
        "Cash Flow Forecasting",
        "Expected Transactions"
      ],
      "Commercial Cards": [
        "Spend Dynamics",
        "Activate Your Card"
      ],
      "Check/Cheque Imaging": [
        "Check Imaging",
        "Cheque Imaging"
      ],
      "Electronic Report Delivery (ERD)": [
        "Reports"
      ],
      "E-statements": [
        "Account Statements (CA)",
        "Account Statements (US)",
        "Loan Statements"
      ],
      "File Transfer Facility (FTF)": [
        "Company Transmission Summary",
        "Send Files",
        "Received Files",
        "File History",
        "Nickname Administration"
      ],
      "Virtual Accounts": [
        "Manage Virtual Accounts"
      ]
    },
    "Pay & Receive": {
      "Pay & Receive Overview": [
        "Dashboard Overview",
        "Payment Analytics",
        "Recent Transactions",
        "Payment Alerts"
      ],
      "Account Transfer": [
        "Create Transfer",
        "Manage Transfers",
        "Create Template",
        "Manage Templates",
        "Interac Send Money",
        "Interac Request Money",
        "Interac Settings",
        "Manage Interac e-Transfers",
        "Create Interac Template",
        "Manage Interac Templates",
        "Zelle Payments",
        "Reports"
      ],
      "Account Validation (US)": [
        "Create Transfer",
        "Manage Transfers",
        "Create Template",
        "Manage Templates"
      ],
      "ACH Payment": [
        "Create Payments",
        "Manage Payments",
        "Create Template",
        "Manage Templates",
        "Beneficiary Address Book",
        "ACH Reports",
        "Import Maps",
        "Imports",
        "File Import History",
        "Downloads"
      ],
      "DepositEdge": [
        "BMO DepositEdge (CA)",
        "BMO DepositEdge (US)"
      ],
      "Digital Cheque Services": [
        "Direct Cheque / FACS (CA)",
        "Digital Cheque Services (CA)"
      ],
      "Electronic Funds Transfer (EFT)": [
        "Create Payments",
        "Create Payments",
        "Create Template",
        "Manage Templates",
        "Manage Returns"
      ],
      "File Transfer Facility (FTF)": [
        "Daily Company File Summary",
        "Send Files",
        "Received Files",
        "File History",
        "Nickname Administration"
      ],
      "Recon Management": [
        "Add Issue Records",
        "Void Checks",
        "Return Checks",
        "Manage Exceptions",
        "Manage Issues and Voids",
        "Recon Report",
        "Activity Report"
      ],
      "Stop Payments": [
        "Check/Cheque Inquiry",
        "Create Stop Payments",
        "Manage Stop Payments"
      ],
      "Tax and Bill Payments": [
        "Bill Payment (US)",
        "Tax Payment (US)",
        "Tax & Bill Payments (CA)",
        "Tax & Bill Payments Administration (CA)"
      ],
      "Wire Payment": [
        "Create Wire Payment",
        "Manage Wire Payments",
        "Create Template",
        "Manage Templates",
        "Import Wire Payment File",
        "Create Import Map",
        "Manage Import Maps",
        "Reports"
      ],
      "Interac e-Transfer": [
        "Send Interac e-Transfer",
        "Manage Interac e-Transfers",
        "Create Template",
        "Manage Templates",
        "Import Interac File",
        "Create Import Map",
        "Manage Import Maps",
        "Reports"
      ]
    },
    "FX & Securities": {
      "Foreign Exchange": [
        "Spot",
        "Forward - Window delivery",
        "Forward - Single Date",
        "Swap",
        "Create Payment Template",
        "Modify Payment Template",
        "Delete Payment Template",
        "Market Info",
        "Quote Activity Report",
        "Contract Activity Report",
        "Audit Report",
        "Contracts"
      ],
      "Letters of Credit": [
        "Trade Finance"
      ],
      "Money Market Funds": [
        "BMO Liquidity Portal"
      ],
      "Securities": [
        "Safekeeping",
        "Safekeeping Administration"
      ]
    },
    "Administration": {
      "User Management": [
        "Create User",
        "Manage Users",
        "Approve Users"
      ],
      "Group Management": [
        "Create Group",
        "Manage Groups",
        "Approve Groups"
      ],
      "Audit Reports": [
        "User Activity Audit"
      ],
      "Settings": [
        "My Profile",
        "Company Profile"
      ],
      "Alerts": [
        "Account Information Alerts",
        "ACH Alerts",
        "Administration Alerts",
        "EFT Alerts",
        "FTF Alerts",
        "Wire Payments Alerts"
      ],
      "Add Features": [
        "BMO Marketplace"
      ],
      "Documentation": [
        "eSign"
      ],
      "Virtual Accounts": [
        "Manage Virtual Accounts"
      ]
    }
  }