{
  "Accounts": {
    "deposit_accounts": {
      "title": "Deposit Accounts",
      "short_description": "short_description"
    },
    "term_investment": {
      "title": "Term Investment Accounts",
      "short_description": "short_description",
      "model": {
        "ModelTitle": "String value"
      }
    },
    "certificate_of_deposit": {
      "title": "Certificate of Deposit",
      "short_description": "short_description"
    },
    "Title": "Accounts"
  },
  "Service Settings": {
    "add_wire_accounts": {
      "title": "Add Wire Payment Accounts",
      "short_description": "short_description"
    },
    "create_eft_id": {
      "title": "Create EFT Account ID",
      "short_description": "short_description"
    },
    "Title": "Service settings"
  },
  "App Integeration": {
    "xero": {
      "title": "Xero",
      "short_description": "Connect your Xero account and sync transactions automatically."
    },
    "suggest_app": {
      "title": "Suggest an App",
      "short_description": "Don't see your app? Let us know what you need!"
    },
    "bmo_sync": {
      "title": "BMO Sync",
      "short_description": "Sync with BMO for real-time updates and easy integration."
    },
    "Title": "App Integeration"
  },
  "Partner Offers": {
    "moneris": {
      "title": "Moneris",
      "short_description": "Accept payments quickly and securely with Moneris solutions.",
      "link_text": "Explore Moneris"
    },
    "elavon": {
      "title": "Elavon",
      "short_description": "Streamline your payment processing with Elavon services.",
      "link_text": "Explore Elavon"
    },
    "adp": {
      "title": "ADP",
      "short_description": "Simplify payroll and HR management with ADP.",
      "link_text": "Explore ADP"
    },
    "paychex": {
      "title": "Paychex",
      "short_description": "Comprehensive payroll and benefits solutions for your business.",
      "link_text": "Explore Paychex"
    },
    "dailypay": {
      "title": "DailyPay",
      "short_description": "Offer your employees early access to earned wages.",
      "link_text": "Explore DailyPay"
    },
    "lively": {
      "title": "Lively",
      "short_description": "Health savings accounts made easy for businesses and employees.",
      "link_text": "Explore Lively"
    },
    "modern_treasury": {
      "title": "Modern Treasury",
      "short_description": "Automate and simplify your payment operations.",
      "link_text": "Explore Modern Treasury"
    },
    "bmo_link": {
      "title": "BMO Link",
      "short_description": "Connect your business with BMO’s digital banking solutions.",
      "link_text": "Explore BMO Link"
    },
    "Title": "Partner Offers"
  },
  "API": {
    "accounts_api": {
      "title": "Accounts API",
      "short_description": "Access and manage account information programmatically.",
      "link_text": "Explore Accounts API"
    },
    "payments_api": {
      "title": "Payments API",
      "short_description": "Initiate and track payments through our secure API.",
      "link_text": "Explore Payments API"
    },
    "Title": "API"
  }
}